1 cuota;2 cuota;3 cuota;4 cuota;5 cuota;6 cuota;7 cuota;8 cuota;9 cuota;10 cuota;11 cuota;12 cuota;13 cuota;14 cuota;15 cuota;16 cuota;17 cuota;18 cuota;19 cuota;20 cuota;21 cuota;22 cuota;23 cuota;24 cuota
99;97;95;93;91;89;87;85;83;81;79;77;75;73;71;69;67;65;63;61;59;57;55;53
99;97;95;93;91;89;87;85;83;81;79;77;75;73;71;69;67;65;63;61;59;57;55;53
99;97;95;93;91;89;87;85;83;81;79;77;75;73;71;69;67;65;63;61;59;57;55;53
99;97;95;93;91;89;87;85;83;81;79;77;75;73;71;69;67;65;63;61;59;57;55;53
99;97;95;93;91;89;87;85;83;81;79;77;75;73;71;69;67;65;63;61;59;57;55;53
99;97;95;93;91;89;87;85;83;81;79;77;75;73;71;69;67;65;63;61;59;57;55;53
99;97;95;93;91;89;87;85;83;81;79;77;75;73;71;69;67;65;63;61;59;57;55;53
99;97;95;93;91;89;87;85;83;81;79;77;75;73;71;69;67;65;63;61;59;57;55;53
99;97;95;93;91;89;87;85;83;81;79;77;75;73;71;69;67;65;63;61;59;57;55;53
99;97;95;93;91;89;87;85;83;81;79;77;75;73;71;69;67;65;63;61;59;57;55;53
99;97;95;93;91;89;87;85;83;81;79;77;75;73;71;69;67;65;63;61;59;57;55;53
99;97;95;93;91;89;87;85;83;81;79;77;75;73;71;69;67;65;63;61;59;57;55;53
99;97;95;93;91;89;87;85;83;81;79;77;75;73;71;69;67;65;63;61;59;57;55;53
99;97;95;93;91;89;87;85;83;81;79;77;75;73;71;69;67;65;63;61;59;57;55;53
99;97;95;93;91;89;87;85;83;81;79;77;75;73;71;69;67;65;63;61;59;57;55;53
99;97;95;93;91;89;87;85;83;81;79;77;75;73;71;69;67;65;63;61;59;57;55;53
99;97;95;93;91;89;87;85;83;81;79;77;75;73;71;69;67;65;63;61;59;57;55;53
99;97;95;93;91;89;87;85;83;81;79;77;75;73;71;69;67;65;63;61;59;57;55;53
99;97;95;93;91;89;87;85;83;81;79;77;75;73;71;69;67;65;63;61;59;57;55;53
99;97;95;93;91;89;87;85;83;81;79;77;75;73;71;69;67;65;63;61;59;57;55;53